Auction Date,Property Address,Final Judgment,Assessed Value,Plaintiff Max Bid,Case #,Parcel ID,Case Link,Parcel Link
06/10/2026 11:00 AM ET,"601 RIDGEFIELD AVE OCOEE, 34761","$199,582.08","$79,696.00",Hidden,2025-CA-002370-O,282216089300200,https://orange.realforeclose.com//index.cfm?zaction=auction&zmethod=details&AID=2025-CA-002370-O&bypassPage=1,https://pcpao.gov/Parcel-Details/282216089300200
06/10/2026 11:00 AM ET,"12236 NORTHOVER LOOP ORLANDO, 32824","$604,830.53","$524,936.00","$498,000.00",2025-CA-002956-O,302429763203060,https://orange.realforeclose.com//index.cfm?zaction=auction&zmethod=details&AID=2025-CA-002956-O&bypassPage=1,https://pcpao.gov/Parcel-Details/302429763203060
06/10/2026 11:00 AM ET,"13807 ORANGE CREST DR WINDERMERE, 34786","$941,828.97","$446,540.00",Hidden,2025-CA-003076-O,272322152701370,https://orange.realforeclose.com//index.cfm?zaction=auction&zmethod=details&AID=2025-CA-003076-O&bypassPage=1,https://pcpao.gov/Parcel-Details/272322152701370
06/10/2026 11:00 AM ET,"2600 SEDGE GRASS WAY ORLANDO, 32824","$8,334.86","$347,140.00","$24,495.89",2025-CA-007518-O,TIMESHARE,https://orange.realforeclose.com//index.cfm?zaction=auction&zmethod=details&AID=2025-CA-007518-O&bypassPage=1,https://pcpao.gov/Parcel-Details/TIMESHARE
06/10/2026 11:00 AM ET,"113 W WALLACE ST ORLANDO, 32809","$143,963.97","$135,921.00","$145,357.94",2025-CA-009449-O,292323122500020,https://orange.realforeclose.com//index.cfm?zaction=auction&zmethod=details&AID=2025-CA-009449-O&bypassPage=1,https://pcpao.gov/Parcel-Details/292323122500020
06/10/2026 11:00 AM ET,"12043 WHITE WAVE PT ORLANDO, 32828","$9,143.67","$258,315.00",Hidden,2025-CC-004025-O,312225873501210,https://orange.realforeclose.com//index.cfm?zaction=auction&zmethod=details&AID=2025-CC-004025-O&bypassPage=1,https://pcpao.gov/Parcel-Details/312225873501210
06/11/2026 11:00 AM ET,"225 RONNIE CIR ORLANDO, 32811","$423,783.37","$283,070.00",Hidden,2025-CA-003544-O,292230923023070,https://orange.realforeclose.com//index.cfm?zaction=auction&zmethod=details&AID=2025-CA-003544-O&bypassPage=1,https://pcpao.gov/Parcel-Details/292230923023070
06/11/2026 11:00 AM ET,"10843 DYLAN LOREN CIR UNIT 4 ORLANDO, 32825","$35,528.66","$706,930.00",Hidden,2025-CA-011260-O,312228947600040,https://orange.realforeclose.com//index.cfm?zaction=auction&zmethod=details&AID=2025-CA-011260-O&bypassPage=1,https://pcpao.gov/Parcel-Details/312228947600040
06/15/2026 11:00 AM ET,"540 NICOLE MARIE ST APOPKA, 32712","$9,990.62","$359,060.00",Hidden,2024-CC-022302-O,282104137200670,https://orange.realforeclose.com//index.cfm?zaction=auction&zmethod=details&AID=2024-CC-022302-O&bypassPage=1,https://pcpao.gov/Parcel-Details/282104137200670
06/15/2026 11:00 AM ET,"1676 CANOE CREEK FALLS DR ORLANDO, 32824","$8,416.86","$141,988.00",Hidden,2025-CC-015680-O,302429033001300,https://orange.realforeclose.com//index.cfm?zaction=auction&zmethod=details&AID=2025-CC-015680-O&bypassPage=1,https://pcpao.gov/Parcel-Details/302429033001300
06/16/2026 11:00 AM ET,"8710 FOLEY DR ORLANDO, 32825","$214,398.14","$89,849.00",Hidden,2018-CA-008246-O,302225892500200,https://orange.realforeclose.com//index.cfm?zaction=auction&zmethod=details&AID=2018-CA-008246-O&bypassPage=1,https://pcpao.gov/Parcel-Details/302225892500200
06/16/2026 11:00 AM ET,"600 MADISON AVE ORLANDO, 32805","$343,757.28","$297,130.00","$152,000.00",2023-CA-017151-O,292227824405051,https://orange.realforeclose.com//index.cfm?zaction=auction&zmethod=details&AID=2023-CA-017151-O&bypassPage=1,https://pcpao.gov/Parcel-Details/292227824405051
06/16/2026 11:00 AM ET,"11011 SYLVAN POND CIR ORLANDO, 32825","$13,014.66","$121,494.00",Hidden,2023-CC-013712-O,312221850701010,https://orange.realforeclose.com//index.cfm?zaction=auction&zmethod=details&AID=2023-CC-013712-O&bypassPage=1,https://pcpao.gov/Parcel-Details/312221850701010
06/16/2026 11:00 AM ET,"3611 WESTWOOD RD ORLANDO, 32808","$225,430.72","$123,429.00",Hidden,2025-CA-000214-O,282212705107140,https://orange.realforeclose.com//index.cfm?zaction=auction&zmethod=details&AID=2025-CA-000214-O&bypassPage=1,https://pcpao.gov/Parcel-Details/282212705107140
06/16/2026 11:00 AM ET,"13203 ASHINGTON POINTE DR ORLANDO, 32824","$10,514.30","$225,722.00",Hidden,2025-CA-000673-O,TIMESHARE,https://orange.realforeclose.com//index.cfm?zaction=auction&zmethod=details&AID=2025-CA-000673-O&bypassPage=1,https://pcpao.gov/Parcel-Details/TIMESHARE
06/16/2026 11:00 AM ET,"145 SCOTTSDALE SQ WINTER PARK, 32792","$144,733.21","$96,500.00",Hidden,2025-CA-005426-O,302210713004145,https://orange.realforeclose.com//index.cfm?zaction=auction&zmethod=details&AID=2025-CA-005426-O&bypassPage=1,https://pcpao.gov/Parcel-Details/302210713004145
06/16/2026 11:00 AM ET,"300 COUNTRY LANDING BLVD APOPKA, 32703","$90,150.78","$151,759.00",Hidden,2025-CA-006492-O,282108180601110,https://orange.realforeclose.com//index.cfm?zaction=auction&zmethod=details&AID=2025-CA-006492-O&bypassPage=1,https://pcpao.gov/Parcel-Details/282108180601110
06/17/2026 11:00 AM ET,"3815 BROOKMYRA DR ORLANDO, 32837","$347,043.26","$217,061.00",Hidden,2023-CA-001994-O,292429373000110,https://orange.realforeclose.com//index.cfm?zaction=auction&zmethod=details&AID=2023-CA-001994-O&bypassPage=1,https://pcpao.gov/Parcel-Details/292429373000110
06/17/2026 11:00 AM ET,"9001 WOODBREEZE BLVD WINDERMERE, 34786","$419,489.14","$445,529.00",Hidden,2023-CA-010984-O,282316805900580,https://orange.realforeclose.com//index.cfm?zaction=auction&zmethod=details&AID=2023-CA-010984-O&bypassPage=1,https://pcpao.gov/Parcel-Details/282316805900580
06/17/2026 11:00 AM ET,"3069 CAYMAN WAY ORLANDO, 32812","$110,290.33","$367,380.00",Hidden,2025-CA-009202-O,TIMESHARE,https://orange.realforeclose.com//index.cfm?zaction=auction&zmethod=details&AID=2025-CA-009202-O&bypassPage=1,https://pcpao.gov/Parcel-Details/TIMESHARE
06/17/2026 11:00 AM ET,"5089 ERNST CT UNIT 59 ORLANDO, 32819","$93,028.63","$140,240.00",Hidden,2025-CA-009800-O,TIMESHARE,https://orange.realforeclose.com//index.cfm?zaction=auction&zmethod=details&AID=2025-CA-009800-O&bypassPage=1,https://pcpao.gov/Parcel-Details/TIMESHARE
06/17/2026 11:00 AM ET,"3529 SENECA CLUB LOOP UNIT 18- ORLANDO, 32808","$12,901.55","$282,900.00",Hidden,2025-CC-010916-O,292209923618103,https://orange.realforeclose.com//index.cfm?zaction=auction&zmethod=details&AID=2025-CC-010916-O&bypassPage=1,https://pcpao.gov/Parcel-Details/292209923618103
06/18/2026 11:00 AM ET,"5742 ESSEX ISLE DR ORLANDO, 32829","$400,033.07","$367,420.00",Hidden,2019-CA-008503-O,302324898000820,https://orange.realforeclose.com//index.cfm?zaction=auction&zmethod=details&AID=2019-CA-008503-O&bypassPage=1,https://pcpao.gov/Parcel-Details/302324898000820
06/18/2026 11:00 AM ET,"3713 MITCHELL RD ORLANDO, 32808","$203,396.02","$195,334.00",Hidden,2020-CA-001965-O,292207705003030,https://orange.realforeclose.com//index.cfm?zaction=auction&zmethod=details&AID=2020-CA-001965-O&bypassPage=1,https://pcpao.gov/Parcel-Details/292207705003030
06/18/2026 11:00 AM ET,"8112 POINCIANA BLVD UNIT 1404 ORLANDO, 32821","$248,232.00","$148,400.00",Hidden,2024-CA-005383-O,282435435601404,https://orange.realforeclose.com//index.cfm?zaction=auction&zmethod=details&AID=2024-CA-005383-O&bypassPage=1,https://pcpao.gov/Parcel-Details/282435435601404
06/18/2026 11:00 AM ET,"7808 CLUBHOUSE ESTATES DR ORLANDO, 32819","$566,958.93","$417,530.00",Hidden,2024-CA-010151-O,282327143400510,https://orange.realforeclose.com//index.cfm?zaction=auction&zmethod=details&AID=2024-CA-010151-O&bypassPage=1,https://pcpao.gov/Parcel-Details/282327143400510
06/19/2026 11:00 AM ET,"8273 WILSON TER ORLANDO, 32819","$1,261,476.80","$869,400.00",Hidden,2025-CA-000473-O,282315378600190,https://orange.realforeclose.com//index.cfm?zaction=auction&zmethod=details&AID=2025-CA-000473-O&bypassPage=1,https://pcpao.gov/Parcel-Details/282315378600190
06/22/2026 11:00 AM ET,"10070 BRODBECK BLVD ORLANDO, 32832","$466,281.54","$482,430.00",Hidden,2025-CA-003375-O,312406410401790,https://orange.realforeclose.com//index.cfm?zaction=auction&zmethod=details&AID=2025-CA-003375-O&bypassPage=1,https://pcpao.gov/Parcel-Details/312406410401790
06/22/2026 11:00 AM ET,"820 KENSINGTON DR ORLANDO, 32808","$139,260.92","$136,206.00",Hidden,2025-CA-006502-O,292221914802090,https://orange.realforeclose.com//index.cfm?zaction=auction&zmethod=details&AID=2025-CA-006502-O&bypassPage=1,https://pcpao.gov/Parcel-Details/292221914802090
06/22/2026 11:00 AM ET,"8007 MEADOWGLEN DR ORLANDO, 32810","$292,752.75","$299,800.00",Hidden,2025-CA-007969-O,292127714004030,https://orange.realforeclose.com//index.cfm?zaction=auction&zmethod=details&AID=2025-CA-007969-O&bypassPage=1,https://pcpao.gov/Parcel-Details/292127714004030
06/22/2026 11:00 AM ET,"3608 TAM DR ORLANDO, 32808","$324,627.20","$229,321.00",Hidden,2025-CA-010780-O,292207517412170,https://orange.realforeclose.com//index.cfm?zaction=auction&zmethod=details&AID=2025-CA-010780-O&bypassPage=1,https://pcpao.gov/Parcel-Details/292207517412170
06/23/2026 11:00 AM ET,"314 E GULLEY AVE OAKLAND, 34760","$254,677.03","$154,240.00",Hidden,2020-CA-000551-O,272221611600140,https://orange.realforeclose.com//index.cfm?zaction=auction&zmethod=details&AID=2020-CA-000551-O&bypassPage=1,https://pcpao.gov/Parcel-Details/272221611600140
06/23/2026 11:00 AM ET,"3058 BRANDYWINE DR ORLANDO, 32806","$363,977.85","$459,824.00",Hidden,2024-CA-009320-O,302307318300290,https://orange.realforeclose.com//index.cfm?zaction=auction&zmethod=details&AID=2024-CA-009320-O&bypassPage=1,https://pcpao.gov/Parcel-Details/302307318300290
06/23/2026 11:00 AM ET,"364 BRIAR BAY CIR ORLANDO, 32825","$6,607.96","$329,840.00",Hidden,2025-CA-000244-O,TIMESHARE,https://orange.realforeclose.com//index.cfm?zaction=auction&zmethod=details&AID=2025-CA-000244-O&bypassPage=1,https://pcpao.gov/Parcel-Details/TIMESHARE
06/24/2026 11:00 AM ET,"1148 GRAND HILLTOP DR APOPKA, 32703","$240,485.89","$235,038.00",Hidden,2019-CA-006693-O,282121363000090,https://orange.realforeclose.com//index.cfm?zaction=auction&zmethod=details&AID=2019-CA-006693-O&bypassPage=1,https://pcpao.gov/Parcel-Details/282121363000090
06/24/2026 11:00 AM ET,"13326 SPROSTON PT ORLANDO, 32832","$922,794.89","$420,316.00",Hidden,2019-CA-013511-O,312429224204600,https://orange.realforeclose.com//index.cfm?zaction=auction&zmethod=details&AID=2019-CA-013511-O&bypassPage=1,https://pcpao.gov/Parcel-Details/312429224204600
06/24/2026 11:00 AM ET,"7755 SENJILL CT ORLANDO, 32818","$5,832.76","$308,895.00",Hidden,2024-CA-007987-O,282202755802370,https://orange.realforeclose.com//index.cfm?zaction=auction&zmethod=details&AID=2024-CA-007987-O&bypassPage=1,https://pcpao.gov/Parcel-Details/282202755802370
06/24/2026 11:00 AM ET,"14733 GLADE HILL PARK WAY WINTER GARDEN, 34787","$619,537.79","$725,536.00",Hidden,2025-CA-002408-O,272404755302900,https://orange.realforeclose.com//index.cfm?zaction=auction&zmethod=details&AID=2025-CA-002408-O&bypassPage=1,https://pcpao.gov/Parcel-Details/272404755302900
06/24/2026 11:00 AM ET,"6120 CENTENNIAL DR ORLANDO, 32808","$469,387.48","$291,848.00",Hidden,2025-CA-009535-O,282201474300780,https://orange.realforeclose.com//index.cfm?zaction=auction&zmethod=details&AID=2025-CA-009535-O&bypassPage=1,https://pcpao.gov/Parcel-Details/282201474300780
06/25/2026 11:00 AM ET,"2321 HOME AGAIN RD APOPKA, 32712","$297,135.02","$430,560.00",Hidden,2024-CA-009114-O,282029602901730,https://orange.realforeclose.com//index.cfm?zaction=auction&zmethod=details&AID=2024-CA-009114-O&bypassPage=1,https://pcpao.gov/Parcel-Details/282029602901730
06/25/2026 11:00 AM ET,"10613 ABINGDON CHASE ORLANDO, 32817","$365,771.53","$169,439.00",Hidden,2025-CA-002889-O,312208884100390,https://orange.realforeclose.com//index.cfm?zaction=auction&zmethod=details&AID=2025-CA-002889-O&bypassPage=1,https://pcpao.gov/Parcel-Details/312208884100390
06/25/2026 11:00 AM ET,"1242 SHELTER ROCK RD ORLANDO, 32835","$323,496.11","$248,735.00",Hidden,2025-CA-007640-O,282234331300430,https://orange.realforeclose.com//index.cfm?zaction=auction&zmethod=details&AID=2025-CA-007640-O&bypassPage=1,https://pcpao.gov/Parcel-Details/282234331300430
06/25/2026 11:00 AM ET,"3705 CONNOR AVE ORLANDO, 32808","$89,427.25","$132,436.00",Hidden,2025-CC-021189-O,292207517414120,https://orange.realforeclose.com//index.cfm?zaction=auction&zmethod=details&AID=2025-CC-021189-O&bypassPage=1,https://pcpao.gov/Parcel-Details/292207517414120
06/26/2026 11:00 AM ET,"5627 MASTERS BLVD ORLANDO, 32819","$587,486.99","$560,370.00",Hidden,2023-CA-004589-O,282321055404260,https://orange.realforeclose.com//index.cfm?zaction=auction&zmethod=details&AID=2023-CA-004589-O&bypassPage=1,https://pcpao.gov/Parcel-Details/282321055404260
06/30/2026 11:00 AM ET,"4843 NORWALK PL ORLANDO, 32808","$245,843.10","$178,514.00",Hidden,2013-CA-008322-O,292207803204100,https://orange.realforeclose.com//index.cfm?zaction=auction&zmethod=details&AID=2013-CA-008322-O&bypassPage=1,https://pcpao.gov/Parcel-Details/292207803204100
06/30/2026 11:00 AM ET,"2679 BREEZY MEADOW RD APOPKA, 32712","$328,150.34","$189,047.00","$328,150.34",2023-CA-013917-O,282030023303270,https://orange.realforeclose.com//index.cfm?zaction=auction&zmethod=details&AID=2023-CA-013917-O&bypassPage=1,https://pcpao.gov/Parcel-Details/282030023303270
06/30/2026 11:00 AM ET,"7628 MILANO DR ORLANDO, 32835","$276,528.44","$329,175.00",Hidden,2024-CA-005684-O,282303893100470,https://orange.realforeclose.com//index.cfm?zaction=auction&zmethod=details&AID=2024-CA-005684-O&bypassPage=1,https://pcpao.gov/Parcel-Details/282303893100470
06/30/2026 11:00 AM ET,"1574 THETFORD CIR ORLANDO, 32824","$15,582.87","$428,790.00","$371,144.41",2024-CA-005872-O,TIMESHARE,https://orange.realforeclose.com//index.cfm?zaction=auction&zmethod=details&AID=2024-CA-005872-O&bypassPage=1,https://pcpao.gov/Parcel-Details/TIMESHARE
06/30/2026 11:00 AM ET,"321 FAIRWAY POINTE CIR ORLANDO, 32828","$19,332.91","$500,987.00",Hidden,2025-CA-003733-O,TIMESHARE,https://orange.realforeclose.com//index.cfm?zaction=auction&zmethod=details&AID=2025-CA-003733-O&bypassPage=1,https://pcpao.gov/Parcel-Details/TIMESHARE
06/30/2026 11:00 AM ET,"3126 KELVINGTON DR ORLANDO, 32810","$304,541.96","$218,062.00",Hidden,2025-CA-009097-O,292133748800140,https://orange.realforeclose.com//index.cfm?zaction=auction&zmethod=details&AID=2025-CA-009097-O&bypassPage=1,https://pcpao.gov/Parcel-Details/292133748800140
07/01/2026 11:00 AM ET,"820 W ROBINSON ST ORLANDO, 32805","$95,386.54","$104,430.00",Hidden,2023-CA-012342-O,292226330400050,https://orange.realforeclose.com//index.cfm?zaction=auction&zmethod=details&AID=2023-CA-012342-O&bypassPage=1,https://pcpao.gov/Parcel-Details/292226330400050
07/01/2026 11:00 AM ET,"143 BRIGADOON PT ORLANDO, 32835","$272,579.73","$132,860.00",Hidden,2024-CA-006502-O,282226922400560,https://orange.realforeclose.com//index.cfm?zaction=auction&zmethod=details&AID=2024-CA-006502-O&bypassPage=1,https://pcpao.gov/Parcel-Details/282226922400560
07/01/2026 11:00 AM ET,"17321 CAUDEL RD ORLANDO, 32833","$63,741.85","$516,227.00",Hidden,2024-CA-009046-O,322228076800010,https://orange.realforeclose.com//index.cfm?zaction=auction&zmethod=details&AID=2024-CA-009046-O&bypassPage=1,https://pcpao.gov/Parcel-Details/322228076800010
07/01/2026 11:00 AM ET,"1557 DEMING DR ORLANDO, 32825","$224,165.03","$402,060.00",Hidden,2024-CA-009922-O,302236744600330,https://orange.realforeclose.com//index.cfm?zaction=auction&zmethod=details&AID=2024-CA-009922-O&bypassPage=1,https://pcpao.gov/Parcel-Details/302236744600330
07/01/2026 11:00 AM ET,"939 PONDEROSA PINE CT ORLANDO, 32825","$65,443.79","$322,726.00",Hidden,2025-CA-008348-O,302223861100400,https://orange.realforeclose.com//index.cfm?zaction=auction&zmethod=details&AID=2025-CA-008348-O&bypassPage=1,https://pcpao.gov/Parcel-Details/302223861100400
07/02/2026 11:00 AM ET,"19330 OSBORNE ST ORLANDO, 32833","$527,853.46","$238,288.00",Hidden,2022-CA-000971-O,322310118425030,https://orange.realforeclose.com//index.cfm?zaction=auction&zmethod=details&AID=2022-CA-000971-O&bypassPage=1,https://pcpao.gov/Parcel-Details/322310118425030
07/02/2026 11:00 AM ET,"5 N FORSYTH RD ORLANDO, 32807","$280,131.43","$210,310.00",Hidden,2023-CA-016874-O,302226000000077,https://orange.realforeclose.com//index.cfm?zaction=auction&zmethod=details&AID=2023-CA-016874-O&bypassPage=1,https://pcpao.gov/Parcel-Details/302226000000077
07/02/2026 11:00 AM ET,"17201 E COLONIAL DR ORLANDO, 32820","$1,900,000.00","$1,671,624.00",Hidden,2024-CA-000099-O,322221000000065,https://orange.realforeclose.com//index.cfm?zaction=auction&zmethod=details&AID=2024-CA-000099-O&bypassPage=1,https://pcpao.gov/Parcel-Details/322221000000065
07/06/2026 11:00 AM ET,"5301 WREN ST ORLANDO, 32807","$219,571.70","$255,160.00",Hidden,2025-CA-010892-O,302228949200060,https://orange.realforeclose.com//index.cfm?zaction=auction&zmethod=details&AID=2025-CA-010892-O&bypassPage=1,https://pcpao.gov/Parcel-Details/302228949200060
07/07/2026 11:00 AM ET,"6305 STOCKBRIDGE AVE ORLANDO, 32809","$330,306.61","$373,056.00",Hidden,2024-CA-001229-O,Property,https://orange.realforeclose.com//index.cfm?zaction=auction&zmethod=details&AID=2024-CA-001229-O&bypassPage=1,https://pcpao.gov/Parcel-Details/Property
07/07/2026 11:00 AM ET,"4313 SADDLE CREEK PL ORLANDO, 32829","$236,755.22","$342,420.00",Hidden,2024-CA-007275-O,302313130000070,https://orange.realforeclose.com//index.cfm?zaction=auction&zmethod=details&AID=2024-CA-007275-O&bypassPage=1,https://pcpao.gov/Parcel-Details/302313130000070
07/07/2026 11:00 AM ET,"1211 FLOWERS POINTE LN ORLANDO, 32825","$238,395.47","$212,316.00",Hidden,2024-CA-008033-O,312220280200130,https://orange.realforeclose.com//index.cfm?zaction=auction&zmethod=details&AID=2024-CA-008033-O&bypassPage=1,https://pcpao.gov/Parcel-Details/312220280200130
07/07/2026 11:00 AM ET,"1304 E 10TH ST APOPKA, 32703","$29,636.59","$291,330.00",Hidden,2024-CC-000225-O,282114015100960,https://orange.realforeclose.com//index.cfm?zaction=auction&zmethod=details&AID=2024-CC-000225-O&bypassPage=1,https://pcpao.gov/Parcel-Details/282114015100960
07/07/2026 11:00 AM ET,"6677 CORAL BERRY DR MOUNT DORA, 32757","$5,374.92","$278,094.00",Hidden,2024-CC-017097-O,272016369101620,https://orange.realforeclose.com//index.cfm?zaction=auction&zmethod=details&AID=2024-CC-017097-O&bypassPage=1,https://pcpao.gov/Parcel-Details/272016369101620
07/07/2026 11:00 AM ET,"1507 ASTORIA ARBOR LN ORLANDO, 32824","$11,799.66","$348,198.00",Hidden,2024-CC-020739-O,292425008000270,https://orange.realforeclose.com//index.cfm?zaction=auction&zmethod=details&AID=2024-CC-020739-O&bypassPage=1,https://pcpao.gov/Parcel-Details/292425008000270
07/07/2026 11:00 AM ET,"903 DOREEN AVE OCOEE, 34761","$77,189.73","$197,890.00",Hidden,2025-CA-000605-O,282208676704400,https://orange.realforeclose.com//index.cfm?zaction=auction&zmethod=details&AID=2025-CA-000605-O&bypassPage=1,https://pcpao.gov/Parcel-Details/282208676704400
07/07/2026 11:00 AM ET,"1825 HUGGINS DR APOPKA, 32703","$38,075.61","$186,270.00",Hidden,2025-CA-004630-O,282113000000031,https://orange.realforeclose.com//index.cfm?zaction=auction&zmethod=details&AID=2025-CA-004630-O&bypassPage=1,https://pcpao.gov/Parcel-Details/282113000000031
07/08/2026 11:00 AM ET,"1323 AZALEA WAY WINTER GARDEN, 34787","$214,820.51","$134,859.00",Hidden,2022-CA-008959-O,272227924122060,https://orange.realforeclose.com//index.cfm?zaction=auction&zmethod=details&AID=2022-CA-008959-O&bypassPage=1,https://pcpao.gov/Parcel-Details/272227924122060
07/08/2026 11:00 AM ET,"202 S ORANGE BLOSSOM TRL ORLANDO, 32805","$1,110,860.91","$1,174,034.00",Hidden,2024-CA-000164-O,292227000000084,https://orange.realforeclose.com//index.cfm?zaction=auction&zmethod=details&AID=2024-CA-000164-O&bypassPage=1,https://pcpao.gov/Parcel-Details/292227000000084
07/08/2026 11:00 AM ET,"800 NICOLE BLVD OCOEE, 34761","$33,260.56","$157,823.00",Hidden,2024-CA-000766-O,TIMESHARE,https://orange.realforeclose.com//index.cfm?zaction=auction&zmethod=details&AID=2024-CA-000766-O&bypassPage=1,https://pcpao.gov/Parcel-Details/TIMESHARE
07/08/2026 11:00 AM ET,"762 KINGS COVE CT ORLANDO, 32807","$210,436.69","$53,262.00",Hidden,2024-CA-001450-O,302222419800061,https://orange.realforeclose.com//index.cfm?zaction=auction&zmethod=details&AID=2024-CA-001450-O&bypassPage=1,https://pcpao.gov/Parcel-Details/302222419800061
07/09/2026 11:00 AM ET,"1536 DEMING DR ORLANDO, 32825","$244,497.94","$344,242.00",Hidden,2024-CA-005058-O,302236744600800,https://orange.realforeclose.com//index.cfm?zaction=auction&zmethod=details&AID=2024-CA-005058-O&bypassPage=1,https://pcpao.gov/Parcel-Details/302236744600800
07/09/2026 11:00 AM ET,"5800 LACONIA RD ORLANDO, 32808","$162,879.08","$184,573.00",Hidden,2024-CA-006297-O,282213756813030,https://orange.realforeclose.com//index.cfm?zaction=auction&zmethod=details&AID=2024-CA-006297-O&bypassPage=1,https://pcpao.gov/Parcel-Details/282213756813030
07/09/2026 11:00 AM ET,"1603 RIO COVE CT ORLANDO, 32825","$812,008.18","$608,390.00",Hidden,2024-CA-008763-O,312231742200070,https://orange.realforeclose.com//index.cfm?zaction=auction&zmethod=details&AID=2024-CA-008763-O&bypassPage=1,https://pcpao.gov/Parcel-Details/312231742200070
07/09/2026 11:00 AM ET,"8120 PLUNKETT AVE ORLANDO, 32810",$0.00,"$183,827.00",Hidden,2025-CA-009593-O,Property,https://orange.realforeclose.com//index.cfm?zaction=auction&zmethod=details&AID=2025-CA-009593-O&bypassPage=1,https://pcpao.gov/Parcel-Details/Property
07/13/2026 11:00 AM ET,"308 HOPE CIR ORLANDO, 32811","$354,972.70","$238,660.00",Hidden,2025-CA-009635-O,292230922605040,https://orange.realforeclose.com//index.cfm?zaction=auction&zmethod=details&AID=2025-CA-009635-O&bypassPage=1,https://pcpao.gov/Parcel-Details/292230922605040
07/14/2026 11:00 AM ET,"1311 WOODMAN WAY ORLANDO, 32818","$176,060.00","$86,202.00",Hidden,2020-CA-002362-O,282222323300020,https://orange.realforeclose.com//index.cfm?zaction=auction&zmethod=details&AID=2020-CA-002362-O&bypassPage=1,https://pcpao.gov/Parcel-Details/282222323300020
07/14/2026 11:00 AM ET,"3232 TIMUCUA CIR ORLANDO, 32837","$407,543.19","$400,340.00",Hidden,2023-CA-012330-O,292433380500060,https://orange.realforeclose.com//index.cfm?zaction=auction&zmethod=details&AID=2023-CA-012330-O&bypassPage=1,https://pcpao.gov/Parcel-Details/292433380500060
07/14/2026 11:00 AM ET,"2032 CANOPY CIR UNIT 148 ZELLWOOD, 32798","$15,787.43","$173,120.00",Hidden,2024-CC-022231-O,272025982500148,https://orange.realforeclose.com//index.cfm?zaction=auction&zmethod=details&AID=2024-CC-022231-O&bypassPage=1,https://pcpao.gov/Parcel-Details/272025982500148
07/14/2026 11:00 AM ET,"5522 WESTHAVEN CT ORLANDO, 32810","$298,073.36","$85,039.00",Hidden,2025-CA-005562-O,282136891200130,https://orange.realforeclose.com//index.cfm?zaction=auction&zmethod=details&AID=2025-CA-005562-O&bypassPage=1,https://pcpao.gov/Parcel-Details/282136891200130
07/14/2026 11:00 AM ET,"29TH ST ORLANDO, 32805","$202,271.43","$80,000.00",Hidden,2025-CA-007301-O,292303018057181,https://orange.realforeclose.com//index.cfm?zaction=auction&zmethod=details&AID=2025-CA-007301-O&bypassPage=1,https://pcpao.gov/Parcel-Details/292303018057181
07/14/2026 11:00 AM ET,"2334 BABBITT AVE ORLANDO, 32833","$448,674.16","$264,088.00",Hidden,2025-CA-008432-O,322301760233140,https://orange.realforeclose.com//index.cfm?zaction=auction&zmethod=details&AID=2025-CA-008432-O&bypassPage=1,https://pcpao.gov/Parcel-Details/322301760233140
07/15/2026 11:00 AM ET,"1330 JEFF DR APOPKA, 32712","$73,141.16","$108,023.00",Hidden,2023-CA-000320-O,282102000000059,https://orange.realforeclose.com//index.cfm?zaction=auction&zmethod=details&AID=2023-CA-000320-O&bypassPage=1,https://pcpao.gov/Parcel-Details/282102000000059
07/15/2026 11:00 AM ET,"879 BELHAVEN DR ORLANDO, 32828","$17,938.23","$710,250.00",Hidden,2024-CA-000953-O,TIMESHARE,https://orange.realforeclose.com//index.cfm?zaction=auction&zmethod=details&AID=2024-CA-000953-O&bypassPage=1,https://pcpao.gov/Parcel-Details/TIMESHARE
07/15/2026 11:00 AM ET,"822 CROOKED CREEK DR OCOEE, 34761","$373,425.89","$330,680.00",Hidden,2025-CA-005902-O,282220799700260,https://orange.realforeclose.com//index.cfm?zaction=auction&zmethod=details&AID=2025-CA-005902-O&bypassPage=1,https://pcpao.gov/Parcel-Details/282220799700260
07/15/2026 11:00 AM ET,"1926 PARK MANOR DR ORLANDO, 32817","$376,304.07","$350,453.00",Hidden,2025-CA-007841-O,312216807902010,https://orange.realforeclose.com//index.cfm?zaction=auction&zmethod=details&AID=2025-CA-007841-O&bypassPage=1,https://pcpao.gov/Parcel-Details/312216807902010
07/15/2026 11:00 AM ET,"1756 PEACHWOOD LN ORLANDO, 32818","$16,428.67","$166,172.00",Hidden,2025-CA-009846-O,TIMESHARE,https://orange.realforeclose.com//index.cfm?zaction=auction&zmethod=details&AID=2025-CA-009846-O&bypassPage=1,https://pcpao.gov/Parcel-Details/TIMESHARE
07/16/2026 11:00 AM ET,"8514 PALM HARBOUR DR KISSIMMEE, 34747","$2,086,132.82","$77,990.00",Hidden,2025-CA-000355-O,Property,https://orange.realforeclose.com//index.cfm?zaction=auction&zmethod=details&AID=2025-CA-000355-O&bypassPage=1,https://pcpao.gov/Parcel-Details/Property
07/16/2026 11:00 AM ET,"5633 PINEY RIDGE DR ORLANDO, 32808","$272,190.10","$183,170.00",Hidden,2025-CA-008275-O,292218805100480,https://orange.realforeclose.com//index.cfm?zaction=auction&zmethod=details&AID=2025-CA-008275-O&bypassPage=1,https://pcpao.gov/Parcel-Details/292218805100480
07/16/2026 11:00 AM ET,"10514 LINGER LN ORLANDO, 32821","$15,451.62","$259,110.00",Hidden,2025-CA-009271-O,TIMESHARE,https://orange.realforeclose.com//index.cfm?zaction=auction&zmethod=details&AID=2025-CA-009271-O&bypassPage=1,https://pcpao.gov/Parcel-Details/TIMESHARE
07/16/2026 11:00 AM ET,"2670 CARDASSI DR OCOEE, 34761","$4,000.05","$251,794.00",Hidden,2025-CC-020270-O,282131924904170,https://orange.realforeclose.com//index.cfm?zaction=auction&zmethod=details&AID=2025-CC-020270-O&bypassPage=1,https://pcpao.gov/Parcel-Details/282131924904170
07/20/2026 11:00 AM ET,"4654 COPPOLA DR MOUNT DORA, 32757","$35,681.24","$519,030.00",Hidden,2023-CC-006558-O,272003843804980,https://orange.realforeclose.com//index.cfm?zaction=auction&zmethod=details&AID=2023-CC-006558-O&bypassPage=1,https://pcpao.gov/Parcel-Details/272003843804980
07/21/2026 11:00 AM ET,"16760 CEDAR CREST DR ORLANDO, 32828","$360,954.44","$321,588.00",Hidden,2022-CA-007886-O,322231790102260,https://orange.realforeclose.com//index.cfm?zaction=auction&zmethod=details&AID=2022-CA-007886-O&bypassPage=1,https://pcpao.gov/Parcel-Details/322231790102260
07/21/2026 11:00 AM ET,"10324 MOSS ROSE WAY ORLANDO, 32832","$209,217.37","$153,662.00",Hidden,2024-CA-008035-O,312408482501060,https://orange.realforeclose.com//index.cfm?zaction=auction&zmethod=details&AID=2024-CA-008035-O&bypassPage=1,https://pcpao.gov/Parcel-Details/312408482501060
07/21/2026 11:00 AM ET,"1348 WHITNEY ISLES DR WINDERMERE, 34786","$466,898.49","$536,957.00",Hidden,2025-CA-003624-O,282231926000050,https://orange.realforeclose.com//index.cfm?zaction=auction&zmethod=details&AID=2025-CA-003624-O&bypassPage=1,https://pcpao.gov/Parcel-Details/282231926000050
07/21/2026 11:00 AM ET,"817 POLK ST ORLANDO, 32805","$261,689.68","$155,301.00",Hidden,2025-CA-003835-O,292226327900010,https://orange.realforeclose.com//index.cfm?zaction=auction&zmethod=details&AID=2025-CA-003835-O&bypassPage=1,https://pcpao.gov/Parcel-Details/292226327900010
07/21/2026 11:00 AM ET,"4788 PIEDMONT CT ORLANDO, 32811","$3,852.10","$167,050.00",Hidden,2025-CA-008648-O,TIMESHARE,https://orange.realforeclose.com//index.cfm?zaction=auction&zmethod=details&AID=2025-CA-008648-O&bypassPage=1,https://pcpao.gov/Parcel-Details/TIMESHARE
07/22/2026 11:00 AM ET,"15232 STONEBRIAR WAY ORLANDO, 32826","$84,607.18","$458,812.00",Hidden,2025-CA-009799-O,TIMESHARE,https://orange.realforeclose.com//index.cfm?zaction=auction&zmethod=details&AID=2025-CA-009799-O&bypassPage=1,https://pcpao.gov/Parcel-Details/TIMESHARE
07/23/2026 11:00 AM ET,"744 MALONEY LN ORLANDO, 32825","$383,883.00","$298,931.00",Hidden,2016-CA-011209-O,312229668600720,https://orange.realforeclose.com//index.cfm?zaction=auction&zmethod=details&AID=2016-CA-011209-O&bypassPage=1,https://pcpao.gov/Parcel-Details/312229668600720
07/23/2026 11:00 AM ET,"854 LOST GROVE CIR WINTER GARDEN, 34787","$401,402.46","$273,693.00",Hidden,2023-CA-011849-O,272235323100120,https://orange.realforeclose.com//index.cfm?zaction=auction&zmethod=details&AID=2023-CA-011849-O&bypassPage=1,https://pcpao.gov/Parcel-Details/272235323100120
07/23/2026 11:00 AM ET,"4066 FEATHER TREE DR APOPKA, 32712","$7,802.88","$370,900.00",Hidden,2025-CC-016191-O,272013933501070,https://orange.realforeclose.com//index.cfm?zaction=auction&zmethod=details&AID=2025-CC-016191-O&bypassPage=1,https://pcpao.gov/Parcel-Details/272013933501070
07/27/2026 11:00 AM ET,"6418 S GOLDENROD RD UNIT 9C ORLANDO, 32822","$209,082.82","$282,704.00",Hidden,2024-CA-001256-O,302323120509030,https://orange.realforeclose.com//index.cfm?zaction=auction&zmethod=details&AID=2024-CA-001256-O&bypassPage=1,https://pcpao.gov/Parcel-Details/302323120509030
07/27/2026 11:00 AM ET,"713 EGAN DR ORLANDO, 32822","$360,772.32","$313,771.00",Hidden,2025-CA-009823-O,302227042202300,https://orange.realforeclose.com//index.cfm?zaction=auction&zmethod=details&AID=2025-CA-009823-O&bypassPage=1,https://pcpao.gov/Parcel-Details/302227042202300
07/28/2026 11:00 AM ET,"6529 ALADDIN DR ORLANDO, 32818","$9,154.99","$279,290.00",Hidden,2024-CA-000037-O,TIMESHARE,https://orange.realforeclose.com//index.cfm?zaction=auction&zmethod=details&AID=2024-CA-000037-O&bypassPage=1,https://pcpao.gov/Parcel-Details/TIMESHARE
07/29/2026 11:00 AM ET,"6614 S GOLDENROD RD UNIT 105B ORLANDO, 32822","$245,809.40","$97,198.00",Hidden,2025-CA-005967-O,302323120510502,https://orange.realforeclose.com//index.cfm?zaction=auction&zmethod=details&AID=2025-CA-005967-O&bypassPage=1,https://pcpao.gov/Parcel-Details/302323120510502
07/30/2026 11:00 AM ET,"16944 ARROWHEAD BLVD WINTER GARDEN, 34787","$544,486.18","$348,431.00",Hidden,2024-CA-002829-O,272431030604370,https://orange.realforeclose.com//index.cfm?zaction=auction&zmethod=details&AID=2024-CA-002829-O&bypassPage=1,https://pcpao.gov/Parcel-Details/272431030604370
07/30/2026 11:00 AM ET,"5550 E MICHIGAN ST UNIT 2325 ORLANDO, 32822","$129,481.16","$110,673.00",Hidden,2024-CA-006356-O,302304734602325,https://orange.realforeclose.com//index.cfm?zaction=auction&zmethod=details&AID=2024-CA-006356-O&bypassPage=1,https://pcpao.gov/Parcel-Details/302304734602325
07/30/2026 11:00 AM ET,"430 ASHLEY BROOKE CT APOPKA, 32712","$303,364.43","$229,776.00",Hidden,2025-CA-003935-O,282105646149020,https://orange.realforeclose.com//index.cfm?zaction=auction&zmethod=details&AID=2025-CA-003935-O&bypassPage=1,https://pcpao.gov/Parcel-Details/282105646149020
07/30/2026 11:00 AM ET,"710 MARLOWE AVE ORLANDO, 32809","$225,108.90","$352,780.00",Hidden,2025-CA-009398-O,292326808709790,https://orange.realforeclose.com//index.cfm?zaction=auction&zmethod=details&AID=2025-CA-009398-O&bypassPage=1,https://pcpao.gov/Parcel-Details/292326808709790
07/31/2026 11:00 AM ET,"10215 LAXTON ST ORLANDO, 32824","$386,371.21","$428,100.00",Hidden,2025-CA-001657-O,292413917904350,https://orange.realforeclose.com//index.cfm?zaction=auction&zmethod=details&AID=2025-CA-001657-O&bypassPage=1,https://pcpao.gov/Parcel-Details/292413917904350
07/31/2026 11:00 AM ET,"262 PLEASANT GARDENS DR APOPKA, 32703","$103,220.75","$247,338.00",Hidden,2025-CA-008467-O,282112712400080,https://orange.realforeclose.com//index.cfm?zaction=auction&zmethod=details&AID=2025-CA-008467-O&bypassPage=1,https://pcpao.gov/Parcel-Details/282112712400080
08/04/2026 11:00 AM ET,"4218 CROSSEN DR ORLANDO, 32822","$251,267.57","$175,580.00",Hidden,2024-CA-000674-O,302313233201780,https://orange.realforeclose.com//index.cfm?zaction=auction&zmethod=details&AID=2024-CA-000674-O&bypassPage=1,https://pcpao.gov/Parcel-Details/302313233201780
08/04/2026 11:00 AM ET,"3425 SEAGRAPE DR WINTER PARK, 32792","$178,358.52","$87,710.00",Hidden,2024-CA-003621-O,302203227402050,https://orange.realforeclose.com//index.cfm?zaction=auction&zmethod=details&AID=2024-CA-003621-O&bypassPage=1,https://pcpao.gov/Parcel-Details/302203227402050
08/04/2026 11:00 AM ET,"3582 COWDEN CT OCOEE, 34761","$5,492.91","$426,800.00",Hidden,2025-CA-002073-O,282133421601050,https://orange.realforeclose.com//index.cfm?zaction=auction&zmethod=details&AID=2025-CA-002073-O&bypassPage=1,https://pcpao.gov/Parcel-Details/282133421601050
08/04/2026 11:00 AM ET,"13062 LAKESHORE GROVE DR WINTER GARDEN, 34787","$100,949.75","$402,306.00",Hidden,2025-CA-004167-O,272302920000290,https://orange.realforeclose.com//index.cfm?zaction=auction&zmethod=details&AID=2025-CA-004167-O&bypassPage=1,https://pcpao.gov/Parcel-Details/272302920000290
08/04/2026 11:00 AM ET,"435 SAND LIME RD WINTER GARDEN, 34787","$3,534.99","$46,095.00",Hidden,2025-CA-010162-O,TIMESHARE,https://orange.realforeclose.com//index.cfm?zaction=auction&zmethod=details&AID=2025-CA-010162-O&bypassPage=1,https://pcpao.gov/Parcel-Details/TIMESHARE
08/05/2026 11:00 AM ET,"3630 RODRICK CIR ORLANDO, 32824","$38,826.93","$274,385.00",Hidden,2025-CA-010214-O,TIMESHARE,https://orange.realforeclose.com//index.cfm?zaction=auction&zmethod=details&AID=2025-CA-010214-O&bypassPage=1,https://pcpao.gov/Parcel-Details/TIMESHARE
08/11/2026 11:00 AM ET,"11701 WATERSTONE LOOP DR WINDERMERE, 34786","$878,006.50","$1,530,676.00",Hidden,2017-CA-011196-O,272324900900720,https://orange.realforeclose.com//index.cfm?zaction=auction&zmethod=details&AID=2017-CA-011196-O&bypassPage=1,https://pcpao.gov/Parcel-Details/272324900900720
08/11/2026 11:00 AM ET,"3243 STONEWYCK ST ORLANDO, 32824","$68,680.25","$566,290.00",Hidden,2024-CA-009392-O,302433495701190,https://orange.realforeclose.com//index.cfm?zaction=auction&zmethod=details&AID=2024-CA-009392-O&bypassPage=1,https://pcpao.gov/Parcel-Details/302433495701190
08/11/2026 11:00 AM ET,"14567 WINTER STAY DR WINTER GARDEN, 34787","$375,408.83","$652,146.00",Hidden,2025-CA-011303-O,272404755302710,https://orange.realforeclose.com//index.cfm?zaction=auction&zmethod=details&AID=2025-CA-011303-O&bypassPage=1,https://pcpao.gov/Parcel-Details/272404755302710
08/11/2026 11:00 AM ET,"1273 FALCONCREST BLVD APOPKA, 32712","$8,889.90","$548,790.00",Hidden,2026-CA-001108-O,282033710600290,https://orange.realforeclose.com//index.cfm?zaction=auction&zmethod=details&AID=2026-CA-001108-O&bypassPage=1,https://pcpao.gov/Parcel-Details/282033710600290
08/12/2026 11:00 AM ET,"4238 WATERMILL AVE ORLANDO, 32817","$223,409.39","$322,498.00",Hidden,2024-CA-005953-O,312206906600960,https://orange.realforeclose.com//index.cfm?zaction=auction&zmethod=details&AID=2024-CA-005953-O&bypassPage=1,https://pcpao.gov/Parcel-Details/312206906600960
08/12/2026 11:00 AM ET,"2025 RIBBON FALLS PKWY ORLANDO, 32824","$239,078.08","$400,420.00",Hidden,2024-CA-007298-O,302429394501830,https://orange.realforeclose.com//index.cfm?zaction=auction&zmethod=details&AID=2024-CA-007298-O&bypassPage=1,https://pcpao.gov/Parcel-Details/302429394501830
08/13/2026 11:00 AM ET,"4205 SOLOMON DR ORLANDO, 32811","$191,507.26","$37,695.00",Hidden,2025-CA-009468-O,292305739807260,https://orange.realforeclose.com//index.cfm?zaction=auction&zmethod=details&AID=2025-CA-009468-O&bypassPage=1,https://pcpao.gov/Parcel-Details/292305739807260
08/18/2026 11:00 AM ET,"1612 E HARDING ST ORLANDO, 32806","$365,072.62","$316,490.00",Hidden,2018-CA-005130-O,302306503200021,https://orange.realforeclose.com//index.cfm?zaction=auction&zmethod=details&AID=2018-CA-005130-O&bypassPage=1,https://pcpao.gov/Parcel-Details/302306503200021
08/18/2026 11:00 AM ET,"4426 POINT LOOK OUT RD ORLANDO, 32808","$168,556.39","$317,110.00",Hidden,2023-CA-011215-O,292205775800490,https://orange.realforeclose.com//index.cfm?zaction=auction&zmethod=details&AID=2023-CA-011215-O&bypassPage=1,https://pcpao.gov/Parcel-Details/292205775800490
08/18/2026 11:00 AM ET,"1835 ALBERT LEE PKWY WINTER PARK, 32789","$215,945.07","$326,020.00",Hidden,2025-CA-010939-O,292201005600031,https://orange.realforeclose.com//index.cfm?zaction=auction&zmethod=details&AID=2025-CA-010939-O&bypassPage=1,https://pcpao.gov/Parcel-Details/292201005600031
08/19/2026 11:00 AM ET,"13349 GREENPOINTE DR ORLANDO, 32824","$153,971.34","$130,270.00",Hidden,2025-CA-004157-O,292425320594010,https://orange.realforeclose.com//index.cfm?zaction=auction&zmethod=details&AID=2025-CA-004157-O&bypassPage=1,https://pcpao.gov/Parcel-Details/292425320594010
08/19/2026 11:00 AM ET,"4783 PIEDMONT CT ORLANDO, 32811","$112,749.54","$94,060.00",Hidden,2025-CA-007600-O,292232182800220,https://orange.realforeclose.com//index.cfm?zaction=auction&zmethod=details&AID=2025-CA-007600-O&bypassPage=1,https://pcpao.gov/Parcel-Details/292232182800220
08/31/2026 11:00 AM ET,"9941 GROSVENOR POINTE CIR WINDERMERE, 34786","$1,095,209.39","$3,402,476.00",Hidden,2024-CA-009540-O,282329408309840,https://orange.realforeclose.com//index.cfm?zaction=auction&zmethod=details&AID=2024-CA-009540-O&bypassPage=1,https://pcpao.gov/Parcel-Details/282329408309840
08/31/2026 11:00 AM ET,"8112 POINCIANA BLVD UNIT 1706 ORLANDO, 32821","$338,918.12","$148,400.00",Hidden,2025-CA-004940-O,282435435601706,https://orange.realforeclose.com//index.cfm?zaction=auction&zmethod=details&AID=2025-CA-004940-O&bypassPage=1,https://pcpao.gov/Parcel-Details/282435435601706
09/01/2026 11:00 AM ET,"139 DEEPCOVE RD WINTER GARDEN, 34787","$196,094.53","$242,231.00",Hidden,2024-CA-006633-O,272226199202110,https://orange.realforeclose.com//index.cfm?zaction=auction&zmethod=details&AID=2024-CA-006633-O&bypassPage=1,https://pcpao.gov/Parcel-Details/272226199202110
09/04/2026 11:00 AM ET,"7212 BALBOA DR UNIT 7212 ORLANDO, 32818","$221,627.36","$109,500.00",Hidden,2021-CA-010776-O,282223495207212,https://orange.realforeclose.com//index.cfm?zaction=auction&zmethod=details&AID=2021-CA-010776-O&bypassPage=1,https://pcpao.gov/Parcel-Details/282223495207212
09/08/2026 11:00 AM ET,"632 LOST GROVE CIR WINTER GARDEN, 34787","$347,446.92","$424,114.00",Hidden,2022-CA-002022-O,272235323100370,https://orange.realforeclose.com//index.cfm?zaction=auction&zmethod=details&AID=2022-CA-002022-O&bypassPage=1,https://pcpao.gov/Parcel-Details/272235323100370
09/17/2026 11:00 AM ET,"4839 BENNINGTON PL ORLANDO, 32808","$341,194.56","$270,940.00",Hidden,2025-CA-008056-O,292218759902210,https://orange.realforeclose.com//index.cfm?zaction=auction&zmethod=details&AID=2025-CA-008056-O&bypassPage=1,https://pcpao.gov/Parcel-Details/292218759902210
10/06/2026 11:00 AM ET,"2704 CERAM AVE ORLANDO, 32837","$223,193.36","$99,746.00",Hidden,2019-CA-014309-O,292421683603720,https://orange.realforeclose.com//index.cfm?zaction=auction&zmethod=details&AID=2019-CA-014309-O&bypassPage=1,https://pcpao.gov/Parcel-Details/292421683603720
